[
    {"nombre": "Hidrógeno", "simbolo": "H", "numero_atomico": 1, "masa": 1.008},
    {"nombre": "Helio", "simbolo": "He", "numero_atomico": 2, "masa": 4.0026},
    {"nombre": "Litio", "simbolo": "Li", "numero_atomico": 3, "masa": 6.94},
    {"nombre": "Berilio", "simbolo": "Be", "numero_atomico": 4, "masa": 9.0122},
    {"nombre": "Boro", "simbolo": "B", "numero_atomico": 5, "masa": 10.81},
    {"nombre": "Carbono", "simbolo": "C", "numero_atomico": 6, "masa": 12.011},
    {"nombre": "Nitrógeno", "simbolo": "N", "numero_atomico": 7, "masa": 14.007},
    {"nombre": "Oxígeno", "simbolo": "O", "numero_atomico": 8, "masa": 15.999},
    {"nombre": "Flúor", "simbolo": "F", "numero_atomico": 9, "masa": 18.998},
    {"nombre": "Neón", "simbolo": "Ne", "numero_atomico": 10, "masa": 20.18},
    {"nombre": "Sodio", "simbolo": "Na", "numero_atomico": 11, "masa": 22.99},
    {"nombre": "Magnesio", "simbolo": "Mg", "numero_atomico": 12, "masa": 24.305},
    {"nombre": "Aluminio", "simbolo": "Al", "numero_atomico": 13, "masa": 26.982},
    {"nombre": "Silicio", "simbolo": "Si", "numero_atomico": 14, "masa": 28.085},
    {"nombre": "Fósforo", "simbolo": "P", "numero_atomico": 15, "masa": 30.974},
    {"nombre": "Azufre", "simbolo": "S", "numero_atomico": 16, "masa": 32.06},
    {"nombre": "Cloro", "simbolo": "Cl", "numero_atomico": 17, "masa": 35.45},
    {"nombre": "Argón", "simbolo": "Ar", "numero_atomico": 18, "masa": 39.948},
    {"nombre": "Potasio", "simbolo": "K", "numero_atomico": 19, "masa": 39.098},
    {"nombre": "Calcio", "simbolo": "Ca", "numero_atomico": 20, "masa": 40.078},
    {"nombre": "Escandio", "simbolo": "Sc", "numero_atomico": 21, "masa": 44.956},
    {"nombre": "Titanio", "simbolo": "Ti", "numero_atomico": 22, "masa": 47.867},
    {"nombre": "Vanadio", "simbolo": "V", "numero_atomico": 23, "masa": 50.942},
    {"nombre": "Cromo", "simbolo": "Cr", "numero_atomico": 24, "masa": 51.996},
    {"nombre": "Manganeso", "simbolo": "Mn", "numero_atomico": 25, "masa": 54.938},
    {"nombre": "Hierro", "simbolo": "Fe", "numero_atomico": 26, "masa": 55.845},
    {"nombre": "Cobalto", "simbolo": "Co", "numero_atomico": 27, "masa": 58.933},
    {"nombre": "Níquel", "simbolo": "Ni", "numero_atomico": 28, "masa": 58.693},
    {"nombre": "Cobre", "simbolo": "Cu", "numero_atomico": 29, "masa": 63.546},
    {"nombre": "Zinc", "simbolo": "Zn", "numero_atomico": 30, "masa": 65.38},
    {"nombre": "Galio", "simbolo": "Ga", "numero_atomico": 31, "masa": 69.723},
    {"nombre": "Germanio", "simbolo": "Ge", "numero_atomico": 32, "masa": 72.63},
    {"nombre": "Arsénico", "simbolo": "As", "numero_atomico": 33, "masa": 74.922},
    {"nombre": "Selenio", "simbolo": "Se", "numero_atomico": 34, "masa": 78.96},
    {"nombre": "Bromo", "simbolo": "Br", "numero_atomico": 35, "masa": 79.904},
    {"nombre": "Kriptón", "simbolo": "Kr", "numero_atomico": 36, "masa": 83.798},
    {"nombre": "Rubidio", "simbolo": "Rb", "numero_atomico": 37, "masa": 85.468},
    {"nombre": "Estroncio", "simbolo": "Sr", "numero_atomico": 38, "masa": 87.62},
    {"nombre": "Itrio", "simbolo": "Y", "numero_atomico": 39, "masa": 88.906},
    {"nombre": "Zirconio", "simbolo": "Zr", "numero_atomico": 40, "masa": 91.224},
    {"nombre": "Niobio", "simbolo": "Nb", "numero_atomico": 41, "masa": 92.906},
    {"nombre": "Molibdeno", "simbolo": "Mo", "numero_atomico": 42, "masa": 95.95},
    {"nombre": "Tecnecio", "simbolo": "Tc", "numero_atomico": 43, "masa": 98},
    {"nombre": "Rutenio", "simbolo": "Ru", "numero_atomico": 44, "masa": 101.07},
    {"nombre": "Rodio", "simbolo": "Rh", "numero_atomico": 45, "masa": 102.91},
    {"nombre": "Paladio", "simbolo": "Pd", "numero_atomico": 46, "masa": 106.42},
    {"nombre": "Plata", "simbolo": "Ag", "numero_atomico": 47, "masa": 107.87},
    {"nombre": "Cadmio", "simbolo": "Cd", "numero_atomico": 48, "masa": 112.41},
    {"nombre": "Indio", "simbolo": "In", "numero_atomico": 49, "masa": 114.82},
    {"nombre": "Estaño", "simbolo": "Sn", "numero_atomico": 50, "masa": 118.71},
    {"nombre": "Antimonio", "simbolo": "Sb", "numero_atomico": 51, "masa": 121.76},
    {"nombre": "Telurio", "simbolo": "Te", "numero_atomico": 52, "masa": 127.6},
    {"nombre": "Yodo", "simbolo": "I", "numero_atomico": 53, "masa": 126.9},
    {"nombre": "Xenón", "simbolo": "Xe", "numero_atomico": 54, "masa": 131.29},
    {"nombre": "Cesio", "simbolo": "Cs", "numero_atomico": 55, "masa": 132.91},
    {"nombre": "Bario", "simbolo": "Ba", "numero_atomico": 56, "masa": 137.33},
    {"nombre": "Lantano", "simbolo": "La", "numero_atomico": 57, "masa": 138.91},
    {"nombre": "Cerio", "simbolo": "Ce", "numero_atomico": 58, "masa": 140.12},
    {"nombre": "Praseodimio", "simbolo": "Pr", "numero_atomico": 59, "masa": 140.91},
    {"nombre": "Neodimio", "simbolo": "Nd", "numero_atomico": 60, "masa": 144.24},
    {"nombre": "Prometio", "simbolo": "Pm", "numero_atomico": 61, "masa": 145},
    {"nombre": "Samario", "simbolo": "Sm", "numero_atomico": 62, "masa": 150.36},
    {"nombre": "Europio", "simbolo": "Eu", "numero_atomico": 63, "masa": 151.96},
    {"nombre": "Gadolinio", "simbolo": "Gd", "numero_atomico": 64, "masa": 157.25},
    {"nombre": "Terbio", "simbolo": "Tb", "numero_atomico": 65, "masa": 158.93},
    {"nombre": "Disprosio", "simbolo": "Dy", "numero_atomico": 66, "masa": 162.5},
    {"nombre": "Holmio", "simbolo": "Ho", "numero_atomico": 67, "masa": 164.93},
    {"nombre": "Erbio", "simbolo": "Er", "numero_atomico": 68, "masa": 167.26},
    {"nombre": "Tulio", "simbolo": "Tm", "numero_atomico": 69, "masa": 168.93},
    {"nombre": "Iterbio", "simbolo": "Yb", "numero_atomico": 70, "masa": 173.05},
    {"nombre": "Lutecio", "simbolo": "Lu", "numero_atomico": 71, "masa": 174.97},
    {"nombre": "Hafnio", "simbolo": "Hf", "numero_atomico": 72, "masa": 178.49},
    {"nombre": "Tantalio", "simbolo": "Ta", "numero_atomico": 73, "masa": 180.95},
    {"nombre": "Wolframio", "simbolo": "W", "numero_atomico": 74, "masa": 183.84},
    {"nombre": "Renio", "simbolo": "Re", "numero_atomico": 75, "masa": 186.21},
    {"nombre": "Osmio", "simbolo": "Os", "numero_atomico": 76, "masa": 190.23},
    {"nombre": "Iridio", "simbolo": "Ir", "numero_atomico": 77, "masa": 192.22},
    {"nombre": "Platino", "simbolo": "Pt", "numero_atomico": 78, "masa": 195.08},
    {"nombre": "Oro", "simbolo": "Au", "numero_atomico": 79, "masa": 196.97},
    {"nombre": "Mercurio", "simbolo": "Hg", "numero_atomico": 80, "masa": 200.59},
    {"nombre": "Talio", "simbolo": "Tl", "numero_atomico": 81, "masa": 204.38},
    {"nombre": "Plomo", "simbolo": "Pb", "numero_atomico": 82, "masa": 207.2},
    {"nombre": "Bismuto", "simbolo": "Bi", "numero_atomico": 83, "masa": 208.98},
    {"nombre": "Polonio", "simbolo": "Po", "numero_atomico": 84, "masa": 209},
    {"nombre": "Astato", "simbolo": "At", "numero_atomico": 85, "masa": 210},
    {"nombre": "Radón", "simbolo": "Rn", "numero_atomico": 86, "masa": 222},
    {"nombre": "Francio", "simbolo": "Fr", "numero_atomico": 87, "masa": 223},
    {"nombre": "Radio", "simbolo": "Ra", "numero_atomico": 88, "masa": 226},
    {"nombre": "Actinio", "simbolo": "Ac", "numero_atomico": 89, "masa": 227},
    {"nombre": "Torio", "simbolo": "Th", "numero_atomico": 90, "masa": 232.04},
    {"nombre": "Protactinio", "simbolo": "Pa", "numero_atomico": 91, "masa": 231.04},
    {"nombre": "Uranio", "simbolo": "U", "numero_atomico": 92, "masa": 238.03},
    {"nombre": "Neptunio", "simbolo": "Np", "numero_atomico": 93, "masa": 237},
    {"nombre": "Plutonio", "simbolo": "Pu", "numero_atomico": 94, "masa": 244},
    {"nombre": "Americio", "simbolo": "Am", "numero_atomico": 95, "masa": 243},
    {"nombre": "Curio", "simbolo": "Cm", "numero_atomico": 96, "masa": 247},
    {"nombre": "Berkelio", "simbolo": "Bk", "numero_atomico": 97, "masa": 247},
    {"nombre": "Californio", "simbolo": "Cf", "numero_atomico": 98, "masa": 251},
    {"nombre": "Einstenio", "simbolo": "Es", "numero_atomico": 99, "masa": 252},
    {"nombre": "Fermio", "simbolo": "Fm", "numero_atomico": 100, "masa": 257},
    {"nombre": "Mendelevio", "simbolo": "Md", "numero_atomico": 101, "masa": 258},
    {"nombre": "Nobelio", "simbolo": "No", "numero_atomico": 102, "masa": 259},
    {"nombre": "Lawrencio", "simbolo": "Lr", "numero_atomico": 103, "masa": 266},
    {"nombre": "Rutherfordio", "simbolo": "Rf", "numero_atomico": 104, "masa": 267},
    {"nombre": "Dubnio", "simbolo": "Db", "numero_atomico": 105, "masa": 270},
    {"nombre": "Seaborgio", "simbolo": "Sg", "numero_atomico": 106, "masa": 271},
    {"nombre": "Bohrio", "simbolo": "Bh", "numero_atomico": 107, "masa": 270},
    {"nombre": "Hassio", "simbolo": "Hs", "numero_atomico": 108, "masa": 277},
    {"nombre": "Meitnerio", "simbolo": "Mt", "numero_atomico": 109, "masa": 278},
    {"nombre": "Darmstadtio", "simbolo": "Ds", "numero_atomico": 110, "masa": 281},
    {"nombre": "Roentgenio", "simbolo": "Rg", "numero_atomico": 111, "masa": 282},
    {"nombre": "Copernicio", "simbolo": "Cn", "numero_atomico": 112, "masa": 285},
    {"nombre": "Nihonio", "simbolo": "Nh", "numero_atomico": 113, "masa": 286},
    {"nombre": "Flerovio", "simbolo": "Fl", "numero_atomico": 114, "masa": 289},
    {"nombre": "Moscovio", "simbolo": "Mc", "numero_atomico": 115, "masa": 290},
    {"nombre": "Livermorio", "simbolo": "Lv", "numero_atomico": 116, "masa": 293},
    {"nombre": "Tenesino", "simbolo": "Ts", "numero_atomico": 117, "masa": 294},
    {"nombre": "Oganesón", "simbolo": "Og", "numero_atomico": 118, "masa": 294}
]