[
    {"codigo": "1-787", "pais": "Puerto Rico"},
    {"codigo": "1-939", "pais": "Puerto Rico"},
    {"codigo": 93, "pais": "Afganistán"},
    {"codigo": 355, "pais": "Albania"},
    {"codigo": 49, "pais": "Alemania"},
    {"codigo": 376, "pais": "Andorra"},
    {"codigo": 244, "pais": "Angola"},
    {"codigo": "1-264", "pais": "Anguila"},
    {"codigo": "1-268", "pais": "Antigua y Barbuda"},
    {"codigo": 54, "pais": "Argentina"},
    {"codigo": 374, "pais": "Armenia"},
    {"codigo": 297, "pais": "Aruba"},
    {"codigo": 61, "pais": "Australia"},
    {"codigo": 43, "pais": "Austria"},
    {"codigo": 994, "pais": "Azerbaiyán"},
    {"codigo": "1-242", "pais": "Bahamas"},
    {"codigo": 973, "pais": "Baréin"},
    {"codigo": 880, "pais": "Bangladés"},
    {"codigo": "1-246", "pais": "Barbados"},
    {"codigo": 32, "pais": "Bélgica"},
    {"codigo": 501, "pais": "Belice"},
    {"codigo": 229, "pais": "Benín"},
    {"codigo": "1-441", "pais": "Bermudas"},
    {"codigo": 975, "pais": "Bután"},
    {"codigo": 591, "pais": "Bolivia"},
    {"codigo": 387, "pais": "Bosnia y Herzegovina"},
    {"codigo": 267, "pais": "Botsuna"},
    {"codigo": 55, "pais": "Brasil"},
    {"codigo": 673, "pais": "Brunéi"},
    {"codigo": 359, "pais": "Bulgaria"},
    {"codigo": 226, "pais": "Burkina Faso"},
    {"codigo": 257, "pais": "Burundi"},
    {"codigo": 855, "pais": "Camboya"},
    {"codigo": 237, "pais": "Camerún"},
    {"codigo": "1-613", "pais": "Canadá"},
    {"codigo": 238, "pais": "Cabo Verde"},
    {"codigo": "1-345", "pais": "Islas Caimán"},
    {"codigo": 236, "pais": "República Centroafricana"},
    {"codigo": 235, "pais": "Chad"},
    {"codigo": 56, "pais": "Chile"},
    {"codigo": 86, "pais": "China"},
    {"codigo": 357, "pais": "Chipre"},
    {"codigo": 57, "pais": "Colombia"},
    {"codigo": 269, "pais": "Comoras"},
    {"codigo": 242, "pais": "República del Congo"},
    {"codigo": 243, "pais": "República Democrática del Congo"},
    {"codigo": 850, "pais": "Corea del Norte"},
    {"codigo": 82, "pais": "Corea del Sur"},
    {"codigo": 225, "pais": "Costa de Marfil"},
    {"codigo": 506, "pais": "Costa Rica"},
    {"codigo": 385, "pais": "Croacia"},
    {"codigo": 53, "pais": "Cuba"},
    {"codigo": 599, "pais": "Curazao"},
    {"codigo": 45, "pais": "Dinamarca"},
    {"codigo": "1-767", "pais": "Dominica"},
    {"codigo": "1-809", "pais": "República Dominicana"},
    {"codigo": "1-829", "pais": "República Dominicana"},
    {"codigo": "1-849", "pais": "República Dominicana"},
    {"codigo": 593, "pais": "Ecuador"},
    {"codigo": 20, "pais": "Egipto"},
    {"codigo": 503, "pais": "El Salvador"},
    {"codigo": 971, "pais": "Emiratos Árabes Unidos"},
    {"codigo": 291, "pais": "Eritrea"},
    {"codigo": 421, "pais": "Eslovaquia"},
    {"codigo": 386, "pais": "Eslovenia"},
    {"codigo": 34, "pais": "España"},
    {"codigo": "1-202", "pais": "Estados Unidos"},
    {"codigo": 372, "pais": "Estonia"},
    {"codigo": 251, "pais": "Etiopía"},
    {"codigo": 63, "pais": "Filipinas"},
    {"codigo": 358, "pais": "Finlandia"},
    {"codigo": 33, "pais": "Francia"},
    {"codigo": 241, "pais": "Gabón"},
    {"codigo": 220, "pais": "Gambia"},
    {"codigo": 995, "pais": "Georgia"},
    {"codigo": 233, "pais": "Ghana"},
    {"codigo": 350, "pais": "Gibraltar"},
    {"codigo": 30, "pais": "Grecia"},
    {"codigo": 299, "pais": "Groenlandia"},
    {"codigo": "1-473", "pais": "Granada"},
    {"codigo": 590, "pais": "Guadalupe"},
    {"codigo": "1-671", "pais": "Guam"}
]